"","ID","cluster"
"1","AB009663",NA
"2","AB010494",NA
"3","AB044824",NA
"4","AB069973","E1.1"
"5","AB085828","E1.2"
"6","AB128149",NA
"7","AB178891",NA
"8","AB206411","G1"
"9","AB839169","E1.2"
"10","AB839170","E1.2"
"11","AF045664","C1"
"12","AF155039",NA
"13","AY854593","B1.1"
"14","D16331",NA
"15","D42112","E1.1.1"
"16","DQ099524","E1.2"
"17","DQ099525","E1.1"
"18","DQ149104","H1.1"
"19","DQ286762","E1.1.1"
"20","DQ666322","E1.1"
"21","DQ875050","E1.1.1"
"22","DQ875051",NA
"23","EF152234","G1.1"
"24","EF152257","NA.3"
"25","EF152267","H1.1"
"26","EF152271","B1.1.1"
"27","EF194161","G1.1"
"28","EF542830","A1"
"29","EU282381","E1.2"
"30","FJ228494","B1.1"
"31","FJ228495","B1.2.1"
"32","FJ228496","B1.2.1"
"33","FJ228497","B1.2.1"
"34","FJ228498","B1.3"
"35","FJ228499","B1.3"
"36","FJ228500","B1.3"
"37","FJ228501","B1"
"38","FJ228534","E1.2"
"39","FJ228535","E1"
"40","FJ228536","E1"
"41","FJ228537","E1"
"42","FJ228538","E1"
"43","FJ228539","E1"
"44","FJ228543","B1.1"
"45","FJ228544","B1.1"
"46","FJ228545","B1.1"
"47","FJ561729",NA
"48","FJ561730",NA
"49","FJ561731",NA
"50","FJ561732",NA
"51","FJ577895","E1.2"
"52","GQ412744",NA
"53","GQ918139","E1.1.1"
"54","GU565703","E1.2"
"55","GU565704","E1.2"
"56","GU992318",NA
"57","GU992321","E1.1.1"
"58","GU992323","E1.1"
"59","GU992324","E1.2"
"60","GU992325","E1.2"
"61","HM535790","E1.1.1"
"62","HQ829841","E1.1"
"63","HQ891318","E1.1.1"
"64","JF973792",NA
"65","JN234411",NA
"66","JN561127","E1.1"
"67","JQ513528","B1.2.1"
"68","JQ513529","B1.2.1"
"69","JQ513530","B1.2.1"
"70","JQ513531","B1.2"
"71","JQ513532","B1.2.1"
"72","JQ513533","B1.2"
"73","JQ513534","B1.2"
"74","JQ513535","B1.2.1"
"75","JQ513536","B1.2"
"76","JQ513537","B1.2.1"
"77","JQ513538","B1.2.1"
"78","JQ944709","E1.1"
"79","KF733451","E1.1.1"
"80","KJ957431",NA
"81","KJ957432",NA
"82","KJ957433","NA.2"
"83","KJ957434","NA.2.1"
"84","KJ957435","A1.1.1"
"85","KJ957436",NA
"86","KJ957437","NA.2.1"
"87","KJ957438","NA.2.1"
"88","KJ957439",NA
"89","KJ957440",NA
"90","KJ957441",NA
"91","KJ957442","NA.2.1"
"92","KJ957443","A1.1.1"
"93","KJ957444","NA.2.1"
"94","KJ957445","NA.2"
"95","KJ957446","NA.2"
"96","KJ957447","NA.2.1"
"97","KJ957448","NA.2"
"98","KJ957449","NA.2"
"99","KJ957450","NA.2"
"100","KJ957451","NA.2.1"
"101","KJ957452","NA.2.1"
"102","KM067274","NA.2.1"
"103","KM198893","A1"
"104","KR105374","E1.1"
"105","KR105375","E1.1"
"106","KR781523",NA
"107","KR781526","NA.3"
"108","KR781532","NA.3"
"109","KR781535","NA.3"
"110","KR781555","G1.1"
"111","KR781570",NA
"112","KR781574","NA.3"
"113","KR781576","NA.3"
"114","KR781578","G1"
"115","KR781581","NA.3"
"116","KR781582","NA.3"
"117","KR781584","G1"
"118","KR781586","NA.3"
"119","KR781587","NA.3"
"120","KR781588","NA.3"
"121","KR781590","NA.3"
"122","KR781593","G1.1"
"123","KR781594","G1.1"
"124","KR781595","G1.1"
"125","KR781597","G1.1"
"126","KR781599","G1.1"
"127","KR781601","G1.1"
"128","KR781606","G1.1"
"129","KR781607","G1.2"
"130","KU938752","B1.3"
"131","KU938829","B1.3"
"132","KU963489","E1.1"
"133","KU963490","B1.3"
"134","KU963493","B1"
"135","KU963498","E1"
"136","KU963502","B1.2"
"137","KU963506","E1.1"
"138","KX708499","B1.1"
"139","KX708500","B1.1"
"140","KX708501","B1.1"
"141","KY765901","C1.1"
"142","LC325820","E1.1.1"
"143","LN879480","C1.1"
"144","LT839616","E1.1"
"145","LT909530","B1.1.1"
"146","LT909543","B1.1.1"
"147","M61047","E1.1.1"
"148","MG458312",NA
"149","MG458319","NA.2.1"
"150","MK956097","B1.3"
"151","MK956098","B1.3"
"152","MK956099","B1.3"
"153","MK956100","B1.3"
"154","MK956101","B1.3"
"155","MT079908","C1.1"
"156","MT079918","C1.1"
"157","MT079935","C1.1"
"158","MT079949","C1.1"
"159","X13357","E1.1.1"
"160","AY500827","A1.2.1"
"161","EU851120","AF1a_B1.4"
"162","EU851121","AF1a_B1.4"
"163","EU851122","AF1a_B1.4"
"164","EU851123","AF1a_A1.1.2"
"165","EU851124","AF1a_B1.4"
"166","EU851125","AF1a_B1.4"
"167","EU851126","AF1a_B1.4"
"168","EU851127","AF1a_A1.1"
"169","EU851128","AF1a_A1.1.1"
"170","EU851129","AF1a_A1.1"
"171","EU853566","AF1a_H1"
"172","EU853567","AF1a_H1"
"173","EU853568","AF1a_H1"
"174","EU853569","AF1a_C1"
"175","EU853570","AF1a_D1"
"176","EU853571","AF1a_A1.1.3"
"177","EU853572","AF1a_A1"
"178","EU853573","A1.3.1"
"179","EU853574","A1.3.1"
"180","EU853575","A1.3.1"
"181","EU853576","A1.3.1"
"182","EU853577","A1.3.1"
"183","EU853578","A1.3"
"184","EU853579","A1.3"
"185","EU853580","A1.2.1"
"186","EU853581","A1.2.1"
"187","FJ440104","A1.1"
"188","GU798102","A1.3.1"
"189","GU798103","A1.3.1"
"190","GU798104","A1.3.1"
"191","GU798105","A1.3.1"
"192","GU798106","A1.3.1"
"193","GU798107","A1.3"
"194","GU798108","A1.3"
"195","GU798109","AF1a_A1.1.2"
"196","GU798110","AF1a_A1.1.3"
"197","GU798111","AF1a_D1"
"198","GU798112","AF1a_D1"
"199","GU798113","AF1a_D1.1"
"200","GU798114","AF1a_D1.1"
"201","GU798115","AF1a_D1.1"
"202","GU798116","AF1a_D1.1"
"203","GU798117","AF1a_D1.1"
"204","GU798118","AF1a_D1.1"
"205","GU798119","AF1a_D1.1"
"206","GU798120","AF1a_D1.1"
"207","GU798121","AF1a_D1.1"
"208","GU798122","AF1a_D1.1"
"209","GU798123","AF1a_D1.1"
"210","GU798124","AF1a_D1.1"
"211","GU798125","AF1a_C1"
"212","GU798126","AF1a_C1"
"213","GU798127","AF1a_C1.1"
"214","GU798128","AF1a_C1.1"
"215","GU798129","AF1a_C1.1"
"216","GU798130","AF1a_C1.1"
"217","GU798131","AF1a_C1.1"
"218","GU798132","AF1a_C1.1"
"219","GU798133","AF1a_C1.1"
"220","GU798134","AF1a_C1.1"
"221","GU798135","AF1a_C1.1"
"222","GU798136","AF1a_B1"
"223","GU798137","AF1a_B1"
"224","GU798138","AF1a_B1"
"225","GU798139","AF1a_B1"
"226","GU798140","AF1a_B1"
"227","GU798141","AF1a_NA"
"228","GU798142","AF1a_A1.1.1"
"229","GU798143","AF1a_A1.1.1"
"230","GU798144","AF1a_B1.2"
"231","GU798145","AF1a_B1.2"
"232","GU798146","AF1a_B1.2.1"
"233","GU798147","AF1a_B1.2.1"
"234","GU798148","AF1a_B1.2.1"
"235","GU798149","AF1a_G1"
"236","GU798150","AF1a_G1"
"237","GU798151","AF1a_G1"
"238","GU798152","AF1a_G1"
"239","GU798153","AF1a_G1"
"240","GU798154","AF1a_G1"
"241","GU798155","AF1a_G1"
"242","GU798156","AF1a_G1"
"243","GU798157","AF1a_G1"
"244","GU798158","AF1a_G1"
"245","GU798159","AF1a_G1"
"246","GU798160","AF1a_G1"
"247","GU798161","AF1a_A1.1"
"248","GU798162","AF1a_B1.5"
"249","GU798163","AF1a_B1.5"
"250","GU798164","AF1a_B1.5"
"251","GU798165","AF1a_B1.5"
"252","GU798166","AF1a_B1.5"
"253","GU798167","AF1a_B1.5"
"254","GU798168","AF1a_B1.5"
"255","GU798169","AF1a_B1.5"
"256","GU798170","AF1a_B1.5"
"257","GU798171","AF1a_B1.5"
"258","GU798172","AF1a_B1.5"
"259","GU798173","AF1a_B1.5"
"260","GU798174","AF1a_B1.5"
"261","GU798175","AF1a_B1.5"
"262","GU798176","AF1a_B1.5"
"263","GU798177","AF1a_B1.5"
"264","GU798178","AF1a_B1.5"
"265","GU798179","AF1a_B1.5"
"266","GU798180","AF1a_B1.5"
"267","GU798181","AF1a_B1.5"
"268","GU798182","AF1a_B1.5"
"269","GU798183","AF1a_B1.3.1"
"270","GU798184","AF1a_B1.3.1"
"271","GU798185","AF1a_B1.3.1"
"272","GU798186","AF1a_B1.3.1"
"273","GU798187","AF1a_B1.3.1"
"274","GU798188","AF1a_B1.3.1"
"275","GU798189","AF1a_B1.3.1"
"276","GU798190","AF1a_B1.3.1"
"277","GU798191","AF1a_B1.3.1"
"278","GU798192","AF1a_B1.3.1"
"279","GU798193","AF1a_B1.3.1"
"280","GU798194","AF1a_B1.3.1"
"281","GU798195","AF1a_B1.3.1"
"282","GU798196","AF1a_B1.3"
"283","GU798197","AF1a_B1.3"
"284","GU798198","AF1a_B1.3"
"285","GU798199","AF1a_B1.6"
"286","GU798200","AF1a_B1.6"
"287","GU798201","AF1a_B1.6"
"288","GU798202","AF1a_B1.6"
"289","GU798203","AF1a_B1.6"
"290","GU798204","AF1a_B1.6"
"291","GU798205","AF1a_B1.6"
"292","GU798206","AF1a_B1.6"
"293","GU798207","AF1a_B1.6"
"294","GU798208","AF1a_B1.6"
"295","GU798209","AF1a_B1.6"
"296","GU798210","AF1a_B1.1"
"297","GU798211","AF1a_B1.1"
"298","GU798212","AF1a_B1.1"
"299","GU798213","AF1a_B1.1"
"300","GU798214","AF1a_B1.1.1"
"301","GU798215","AF1a_B1.1.1"
"302","GU798216","AF1a_B1.1.1"
"303","GU798217","AF1a_B1.1.1"
"304","GU798218","AF1a_B1.1.1"
"305","GU798219","AF1a_B1.1.1"
"306","GU798220","AF1a_B1.1.1"
"307","GU798221","AF1a_B1.1.1"
"308","GU798222","AF1a_B1.1.1"
"309","GU798223","AF1a_B1.1.1"
"310","GU798224","AF1a_B1.1.1"
"311","GU798225","AF1a_B1.1.1"
"312","GU798226","AF1a_B1.1.1"
"313","GU798227","AF1a_B1.1.1"
"314","GU798228","AF1a_B1.1.1"
"315","GU798229","AF1a_B1.1.1"
"316","GU798230","AF1a_B1.1.1"
"317","GU798231","AF1a_B1"
"318","GU798232","AF1a_B1"
"319","GU798233","AF1a_B1"
"320","GU798234","AF1a_B1"
"321","GU798235","AF1a_B1"
"322","GU798236","AF1a_B1"
"323","GU798237","AF1a_B1"
"324","GU798238","AF1a_B1"
"325","GU798239","AF1a_B1"
"326","GU798240","AF1a_B1"
"327","GU798241","AF1a_B1"
"328","GU798242","AF1a_B1"
"329","GU798243","AF1a_B1.4"
"330","GU798244","AF1a_B1.4"
"331","GU798245","AF1a_B1.4"
"332","GU798246","AF1a_B1.4"
"333","GU798247","AF1a_B1.4"
"334","GU798248","AF1a_B1.4"
"335","GU798249","AF1a_B1.4"
"336","GU798250","AF1a_B1.4"
"337","GU798251","AF1a_B1.4"
"338","GU798252","AF1a_B1.4"
"339","GU798253","AF1a_B1.4"
"340","GU798254","AF1a_B1.4"
"341","GU798255","AF1a_A1"
"342","GU798256","AF1a_A1"
"343","GU798257","AF1a_A1"
"344","GU798258","AF1a_A1"
"345","GU798259","AF1a_A1"
"346","GU798260","AF1a_A1"
"347","GU798261","AF1a_H1"
"348","GU798262","AF1a_H1"
"349","GU798263","AF1a_A1.1.2"
"350","GU798264","AF1a_A1.1.2"
"351","GU798265","AF1a_A1.1.2"
"352","GU798266","AF1a_A1.1.2"
"353","GU798267","AF1a_NA"
"354","GU798268","AF1a_NA"
"355","GU798269","AF1a_NA"
"356","GU798270","AF1a_NA"
"357","GU798271","AF1a_NA"
"358","GU798272","AF1a_NA"
"359","GU798273","AF1a_A1.1.2"
"360","GU798274","AF1a_I1"
"361","GU798275","AF1a_I1"
"362","GU798276","AF1a_I1"
"363","GU798277","AF1a_I1"
"364","GU798278","AF1a_I1"
"365","GU798279","AF1a_I1"
"366","GU798280","AF1a_I1"
"367","GU798281","AF1a_I1"
"368","GU798282","AF1a_I1"
"369","GU798283","AF1a_I1"
"370","GU798284","AF1a_I1"
"371","GU798285","AF1a_I1"
"372","GU798286","AF1a_I1"
"373","GU798287","AF1a_I1"
"374","GU798288","AF1a_I1"
"375","GU798289","AF1a_H1"
"376","GU798290","AF1a_H1"
"377","GU798291","AF1a_H1"
"378","GU798292","AF1a_H1"
"379","GU798293","AF1a_H1"
"380","GU798294","AF1a_H1"
"381","GU798295","AF1a_H1"
"382","GU798296","AF1a_H1"
"383","GU798297","AF1a_H1"
"384","GU798298","AF1a_NA"
"385","GU798299","AF1a_F1.1"
"386","GU798300","AF1a_F1.1"
"387","GU798301","AF1a_F1.1"
"388","GU798302","AF1a_F1.1"
"389","GU798303","AF1a_F1.1"
"390","GU798304","AF1a_F1.1"
"391","GU798305","AF1a_F1.1"
"392","GU798306","AF1a_F1.1"
"393","GU798307","AF1a_F1.1"
"394","GU798308","AF1a_F1.1"
"395","GU798309","AF1a_F1.1"
"396","GU798310","AF1a_F1.1"
"397","GU798311","AF1a_F1.1"
"398","GU798312","AF1a_F1"
"399","GU798313","AF1a_F1"
"400","GU798314","AF1a_F1"
"401","GU798315","AF1a_F1"
"402","GU798316","AF1a_F1"
"403","GU798317","AF1a_F1"
"404","GU798318","AF1a_F1"
"405","GU798319","AF1a_F1"
"406","GU798320","AF1a_F1"
"407","GU798321","AF1a_F1"
"408","GU798322","AF1a_F1"
"409","GU798323","AF1a_F1"
"410","GU798324","AF1a_F1"
"411","GU798325","AF1a_F1"
"412","GU798326","AF1a_F1"
"413","GU798327","AF1a_F1"
"414","GU798328","AF1a_F1"
"415","GU798329","AF1a_F1"
"416","GU798330","AF1a_F1"
"417","GU798331","AF1a_F1"
"418","GU798332","AF1a_F1"
"419","GU798333","AF1a_F1"
"420","GU798334","AF1a_F1"
"421","GU798335","AF1a_F1"
"422","GU798336","AF1a_F1"
"423","GU798337","AF1a_F1"
"424","GU798338","AF1a_F1"
"425","GU798339","AF1a_F1"
"426","GU798340","AF1a_F1"
"427","GU798341","AF1a_F1"
"428","GU798342","AF1a_F1"
"429","GU798343","AF1a_F1"
"430","GU798344","AF1a_F1"
"431","GU798345","AF1a_F1"
"432","GU798346","AF1a_F1"
"433","GU798347","AF1a_F1"
"434","GU798348","AF1a_F1"
"435","GU798349","AF1a_F1"
"436","GU798350","AF1a_F1"
"437","GU798351","AF1a_F1"
"438","GU798352","AF1a_F1"
"439","GU798353","AF1a_F1"
"440","GU798354","AF1a_F1"
"441","GU798355","AF1a_F1"
"442","GU798356","AF1a_F1"
"443","GU798357","AF1a_F1"
"444","GU798358","AF1a_F1"
"445","GU798359","AF1a_F1"
"446","GU798360","AF1a_F1"
"447","GU798361","AF1a_F1"
"448","GU798362","AF1a_F1"
"449","GU798363","AF1a_F1"
"450","GU798364","AF1a_F1"
"451","GU798365","AF1a_F1"
"452","GU798366","AF1a_F1"
"453","GU798367","AF1a_F1"
"454","GU798368","AF1a_F1"
"455","GU798369","AF1a_E1.1"
"456","GU798370","AF1a_H1"
"457","GU798371","AF1a_E1.1"
"458","GU798372","AF1a_E1.1"
"459","GU798373","AF1a_E1.1"
"460","GU798374","AF1a_E1.1"
"461","GU798375","AF1a_E1.1"
"462","GU798376","AF1a_E1.1"
"463","GU798377","AF1a_E1.1"
"464","GU798378","AF1a_E1.1"
"465","GU798379","AF1a_E1.1"
"466","GU798380","AF1a_E1.1"
"467","GU798381","AF1a_E1.1"
"468","GU798382","AF1a_E1.1"
"469","GU798383","AF1a_E1"
"470","GU798384","AF1a_E1"
"471","GU798385","AF1a_E1"
"472","GU798386","AF1a_E1"
"473","GU798387","AF1a_E1.1"
"474","GU798388","AF1a_E1.1"
"475","KF155001","AF1a_D1.1"
"476","KP723638","A1.2.1"
"477","KT119771","A1.1"
"478","KT119772","A1.1"
"479","KT119775","A1.1"
"480","KT119777","A1.1"
"481","KT119782","A1.1"
"482","KT119783","A1.1"
"483","KT119785","A1.1"
"484","KT119787","A1.1"
"485","KT119788","A1.1"
"486","KT119789","A1.1"
"487","KT119790","A1.1"
"488","KT119791","A1.1"
"489","KT119792","A1.1"
"490","KT119793","A1.1"
"491","KT119794","A1.1"
"492","KT119795","A1.1"
"493","KU963503","A1.3"
"494","KX148193","AF1a_B1.4"
"495","KX148194","AF1a_A1.1"
"496","KX148195","AF1a_C1.1"
"497","KX148196","AF1a_C1"
"498","KX148197","AF1a_F1"
"499","KX148198","A1.2"
"500","KX148199","A1.2"
"501","KX148200","A1.2.1"
"502","KX148201","A1.1"
"503","KX148202","A1.1"
"504","LT909529","AF1a_NA"
"505","LT909531","A1.2.1"
"506","LT909535","AF1a_NA"
"507","LT909542","AF1a_NA"
"508","LT909546","A1.1"
"509","LT909551","A1.2.1"
"510","MF781074","A1"
"511","MK981888","A1.3"
"512","MN726805","A1.2.1"
"513","MN726810","A1.2.1"
"514","MN726812","A1.2.1"
"515","MN726819","A1.2.1"
"516","MN726830","A1.2.1"
"517","U22629","A1.1"
"518","U22630","A1.1"
"519","U22631","AF1a_A1"
"520","U22637","A1.2.1"
"521","U22642","AF1a_D1"
"522","U22643","AF1a_NA"
"523","U22852","AF1a_B1"
"524","AB284509","AF1b_A1.1.1"
"525","AB284510","AF1b_A1.1.1"
"526","AB284511","AF1b_A1.1.1"
"527","AB284512","AF1b_A1.1.1"
"528","AB284513","AF1b_A1.1.1"
"529","AB284514","AF1b_A1.1.1"
"530","AB284515","AF1b_A1.1.1"
"531","AB284516","AF1b_A1.1.1"
"532","AB285215","AF1b_A1.1.1"
"533","DQ900547","AF1b_D1"
"534","DQ900548","AF1b_D1"
"535","DQ900549","AF1b_D1.1"
"536","DQ900550","AF1b_D1"
"537","DQ900552","AF1b_D1"
"538","DQ900553","AF1b_D1"
"539","DQ900554","AF1b_C1.1.1"
"540","DQ900555","AF1b_C1.1.1"
"541","DQ900556","AF1b_D1"
"542","DQ900557","AF1b_D1.1"
"543","DQ900558","AF1b_D1"
"544","DQ900559","AF1b_D1"
"545","DQ900560","AF1b_D1"
"546","DQ900561","AF1b_D1"
"547","DQ900563","AF1b_D1"
"548","DQ900564","AF1b_D1"
"549","DQ900565","AF1b_D1"
"550","DQ900567","AF1b_C1.1.1"
"551","DQ900568","AF1b_E1"
"552","DQ900569","AF1b_D1"
"553","DQ900570","AF1b_D1"
"554","EU853582","AF1b_C1"
"555","EU853583","AF1b_C1"
"556","EU853584","AF1b_A1.1.1"
"557","EU853585","AF1b_A1.1.1"
"558","EU853586","AF1b_A1.1.1"
"559","EU853587","AF1b_A1.1.1"
"560","EU853588","AF1b_A1.1.1"
"561","EU853589","AF1b_A1.1.1"
"562","EU853590","AF1b_A1.1.1"
"563","HM179504","AF1b_B1.1"
"564","HM179505","AF1b_B1.1.1"
"565","HM179506","AF1b_B1"
"566","HM179507","AF1b_B1.2"
"567","HM179508","AF1b_B1.1.1"
"568","JX473838","AF1b_B1"
"569","JX473839","AF1b_B1"
"570","JX473840","AF1b_B1"
"571","JX473841","AF1b_B1"
"572","KF155002","AF1b_E1.1"
"573","KR534217","AF1b_C1.1.1"
"574","KR534218","AF1b_C1.1.1"
"575","KR534219","AF1b_D1"
"576","KR534220","AF1b_C1.1.1"
"577","KR534228","AF1b_D1"
"578","KR534229","AF1b_C1.1.1"
"579","KR534230","AF1b_D1"
"580","KR534231","AF1b_D1"
"581","KR534232","AF1b_C1.1.1"
"582","KR534233","AF1b_C1.1.1"
"583","KR534234","AF1b_D1"
"584","KR534235","AF1b_G1"
"585","KR534236","AF1b_G1"
"586","KR534237","AF1b_G1"
"587","KR534238","AF1b_D1"
"588","KR534244","AF1b_F1"
"589","KR534245","AF1b_F1"
"590","KR534246","AF1b_F1"
"591","KR534247","AF1b_F1"
"592","KR534248","AF1b_F1"
"593","KR534249","AF1b_F1"
"594","KR534250","AF1b_G1"
"595","KR534251","AF1b_D1"
"596","KR534252","AF1b_D1.1"
"597","KR534253","AF1b_C1.1.1"
"598","KR534254","AF1b_F1"
"599","KR534256","AF1b_G1"
"600","KR906734","AF1b_D1"
"601","KR906735","AF1b_C1"
"602","KR906736","AF1b_C1"
"603","KR906737","AF1b_C1.1.1"
"604","KR906738","AF1b_C1.1.1"
"605","KR906739","AF1b_D1"
"606","KR906740","AF1b_E1.1"
"607","KR906741","AF1b_C1.1.1"
"608","KR906742","AF1b_E1.1"
"609","KR906743","AF1b_D1"
"610","KR906744","AF1b_D1"
"611","KR906745","AF1b_C1.1.1"
"612","KR906746","AF1b_B1.1"
"613","KR906747","AF1b_B1.1"
"614","KR906748","AF1b_A1"
"615","KR906749","AF1b_C1.1.1"
"616","KR906750","AF1b_E1.1"
"617","KR906751","AF1b_B1.1"
"618","KR906752","AF1b_A1"
"619","KR906753","AF1b_C1.1.1"
"620","KR906754","AF1b_E1.1"
"621","KR906755","AF1b_F1"
"622","KR906756","AF1b_C1.1.1"
"623","KR906757","AF1b_B1.1"
"624","KR906758","AF1b_F1"
"625","KR906759","AF1b_D1"
"626","KR906760","AF1b_C1.1.1"
"627","KR906761","AF1b_C1.1.1"
"628","KR906762","AF1b_E1"
"629","KR906763","AF1b_C1"
"630","KR906764","AF1b_C1"
"631","KR906765","AF1b_C1"
"632","KR906766","AF1b_C1"
"633","KR906767","AF1b_C1.1.1"
"634","KR906768","AF1b_E1.1"
"635","KR906769","AF1b_D1"
"636","KR906770","AF1b_D1"
"637","KR906771","AF1b_F1"
"638","KR906772","AF1b_C1.1.1"
"639","KR906773","AF1b_C1.1.1"
"640","KR906774","AF1b_D1"
"641","KR906775","AF1b_C1.1.1"
"642","KR906776","AF1b_D1"
"643","KR906777","AF1b_D1"
"644","KR906778","AF1b_C1.1.1"
"645","KR906779","AF1b_D1.1"
"646","KR906780","AF1b_C1.1.1"
"647","KR906781","AF1b_C1.1.1"
"648","KR906782","AF1b_F1"
"649","KR906783","AF1b_C1.1.1"
"650","KR906784","AF1b_D1"
"651","KR906785","AF1b_D1"
"652","KR906786","AF1b_C1.1.1"
"653","KR906787","AF1b_F1"
"654","KR906788","AF1b_C1.1.1"
"655","KR906789","AF1b_D1"
"656","KR906790","AF1b_D1.1"
"657","KR906791","AF1b_D1"
"658","KR906792","AF1b_G1"
"659","KT119634","AF1b_A1.1.1"
"660","KT119635","AF1b_A1.1.1"
"661","KT119636","AF1b_A1.1.1"
"662","KT119637","AF1b_A1.1.1"
"663","KT119638","AF1b_A1.1.1"
"664","KT119639","AF1b_A1.1.1"
"665","KT119640","AF1b_A1.1.1"
"666","KT119641","AF1b_A1.1.1"
"667","KT119642","AF1b_A1.1.1"
"668","KT119643","AF1b_A1.1.1"
"669","KT119644","AF1b_A1.1.1"
"670","KT119645","AF1b_A1.1.1"
"671","KT119646","AF1b_A1.1.1"
"672","KT119647","AF1b_A1.1.1"
"673","KT119648","AF1b_A1.1.1"
"674","KT119649","AF1b_A1.1.1"
"675","KT119650","AF1b_A1.1.1"
"676","KT119651","AF1b_A1.1.1"
"677","KT119652","AF1b_A1.1.1"
"678","KT119653","AF1b_A1.1.1"
"679","KT119654","AF1b_A1.1.1"
"680","KT119655","AF1b_A1.1.1"
"681","KT119656","AF1b_A1.1.1"
"682","KT119657","AF1b_A1.1.1"
"683","KT119659","AF1b_A1.1.1"
"684","KT119660","AF1b_A1.1.1"
"685","KT119661","AF1b_A1.1.1"
"686","KT119662","AF1b_A1.1.1"
"687","KT119663","AF1b_A1.1.1"
"688","KT119664","AF1b_A1.1.1"
"689","KT119665","AF1b_A1.1.1"
"690","KT119666","AF1b_A1.1.1"
"691","KT119667","AF1b_A1.1.1"
"692","KT119668","AF1b_A1.1.1"
"693","KT119669","AF1b_A1.1.1"
"694","KT119670","AF1b_A1.1.1"
"695","KT119671","AF1b_A1.1.1"
"696","KT119672","AF1b_A1.1.1"
"697","KT119673","AF1b_A1.1.1"
"698","KT119674","AF1b_A1.1.1"
"699","KT119675","AF1b_A1.1.1"
"700","KT119676","AF1b_A1.1.1"
"701","KT119677","AF1b_A1.1.1"
"702","KT119678","AF1b_A1.1.1"
"703","KT119679","AF1b_A1.1.1"
"704","KT119680","AF1b_A1.1.1"
"705","KT119681","AF1b_A1.1.1"
"706","KT119682","AF1b_A1.1.1"
"707","KT119683","AF1b_A1.1.1"
"708","KT119684","AF1b_A1.1.1"
"709","KT119685","AF1b_A1.1.1"
"710","KT119686","AF1b_A1.1.1"
"711","KT119687","AF1b_A1.1.1"
"712","KT119688","AF1b_A1.1.1"
"713","KT119689","AF1b_A1.1.1"
"714","KT119690","AF1b_A1.1.1"
"715","KT119691","AF1b_A1.1.1"
"716","KT119692","AF1b_A1.1.1"
"717","KT119693","AF1b_A1.1.1"
"718","KT119694","AF1b_A1.1.1"
"719","KT119695","AF1b_A1.1.1"
"720","KT119696","AF1b_A1.1.1"
"721","KT119697","AF1b_A1.1.1"
"722","KT119698","AF1b_A1.1.1"
"723","KT119699","AF1b_A1.1.1"
"724","KT119700","AF1b_A1.1.1"
"725","KT119701","AF1b_A1.1.1"
"726","KT119702","AF1b_A1.1.1"
"727","KT119703","AF1b_A1.1.1"
"728","KT119704","AF1b_A1.1.1"
"729","KT119705","AF1b_A1.1.1"
"730","KT119706","AF1b_A1.1.1"
"731","KT119707","AF1b_A1.1.1"
"732","KT119708","AF1b_A1.1.1"
"733","KT119709","AF1b_A1.1.1"
"734","KT119710","AF1b_A1.1.1"
"735","KT119711","AF1b_A1.1.1"
"736","KT119712","AF1b_A1.1.1"
"737","KT119713","AF1b_A1.1.1"
"738","KT119714","AF1b_A1.1.1"
"739","KT119715","AF1b_A1.1.1"
"740","KT119716","AF1b_A1.1.1"
"741","KT119717","AF1b_A1.1.1"
"742","KT119718","AF1b_A1.1.1"
"743","KT119719","AF1b_A1.1.1"
"744","KT119720","AF1b_A1.1.1"
"745","KT119721","AF1b_A1.1.1"
"746","KT119722","AF1b_A1.1.1"
"747","KT119723","AF1b_A1.1.1"
"748","KT119724","AF1b_A1.1.1"
"749","KT119725","AF1b_A1.1.1"
"750","KT119726","AF1b_A1.1.1"
"751","KT119727","AF1b_A1.1.1"
"752","KT119729","AF1b_A1.1.1"
"753","KT119730","AF1b_A1.1.1"
"754","KT119731","AF1b_A1.1.1"
"755","KT119732","AF1b_A1.1.1"
"756","KT119733","AF1b_A1.1.1"
"757","KT119734","AF1b_A1.1.1"
"758","KT119735","AF1b_A1.1.1"
"759","KT119736","AF1b_A1.1.1"
"760","KT119737","AF1b_A1.1.1"
"761","KT119738","AF1b_A1.1.1"
"762","KT119739","AF1b_A1.1.1"
"763","KT119740","AF1b_A1.1.1"
"764","KT119741","AF1b_A1.1.1"
"765","KT119742","AF1b_A1.1.1"
"766","KT119743","AF1b_A1.1.1"
"767","KT119744","AF1b_A1.1.1"
"768","KT119745","AF1b_A1.1.1"
"769","KT119746","AF1b_A1.1.1"
"770","KT119747","AF1b_A1.1.1"
"771","KT119748","AF1b_A1.1.1"
"772","KT119749","AF1b_A1.1.1"
"773","KT119750","AF1b_A1.1.1"
"774","KT119751","AF1b_A1.1.1"
"775","KT119752","AF1b_A1.1.1"
"776","KT119753","AF1b_A1.1.1"
"777","KT119776","AF1b_A1.1.1"
"778","KT119780","AF1b_A1.1.1"
"779","KT119781","AF1b_A1.1.1"
"780","KT336432","AF1b_H1"
"781","KT336433","AF1b_B1"
"782","KT336434","AF1b_B1.1"
"783","KT336435","AF1b_B1.1"
"784","KT336436","AF1b_B1.1.1"
"785","KT336437","AF1b_B1.1"
"786","KX148103","AF1b_B1.1"
"787","KX148203","AF1b_B1.1.1"
"788","KX148204","AF1b_B1.2.1"
"789","KX148205","AF1b_C1"
"790","KX148206","AF1b_D1"
"791","KX148207","AF1b_D1"
"792","KX148208","AF1b_A1.1"
"793","KY210220","AF1b_C1.1.1"
"794","KY210221","AF1b_C1.1.1"
"795","KY210222","AF1b_C1.1.1"
"796","KY210223","AF1b_D1"
"797","KY210224","AF1b_G1"
"798","KY210225","AF1b_F1"
"799","KY210226","AF1b_G1"
"800","KY210227","AF1b_D1"
"801","KY210228","AF1b_G1"
"802","KY210229","AF1b_F1"
"803","KY210230","AF1b_G1"
"804","KY210231","AF1b_F1"
"805","KY210232","AF1b_F1"
"806","KY210233","AF1b_D1"
"807","KY210234","AF1b_F1"
"808","KY210235","AF1b_F1"
"809","KY210236","AF1b_G1"
"810","KY210237","AF1b_D1"
"811","KY210238","AF1b_F1"
"812","KY210239","AF1b_F1"
"813","KY210240","AF1b_D1"
"814","KY210241","AF1b_F1"
"815","KY210242","AF1b_D1"
"816","KY210243","AF1b_F1"
"817","KY210244","AF1b_G1"
"818","KY210245","AF1b_D1.1"
"819","KY210246","AF1b_F1"
"820","KY210247","AF1b_F1"
"821","KY210248","AF1b_G1"
"822","KY210249","AF1b_F1"
"823","KY210250","AF1b_F1"
"824","KY210251","AF1b_F1"
"825","KY210252","AF1b_D1.1"
"826","KY210253","AF1b_D1"
"827","KY210254","AF1b_D1"
"828","KY210255","AF1b_D1"
"829","KY210256","AF1b_D1"
"830","KY210257","AF1b_D1"
"831","KY210258","AF1b_F1"
"832","KY210259","AF1b_F1"
"833","KY210260","AF1b_F1"
"834","KY210261","AF1b_D1"
"835","KY210262","AF1b_G1"
"836","KY210263","AF1b_D1.1"
"837","KY210264","AF1b_D1"
"838","KY210265","AF1b_G1"
"839","KY210266","AF1b_D1"
"840","KY210267","AF1b_C1.1.1"
"841","KY210268","AF1b_C1.1.1"
"842","KY210269","AF1b_D1"
"843","KY210270","AF1b_D1"
"844","KY210271","AF1b_F1"
"845","KY210272","AF1b_F1"
"846","KY210273","AF1b_G1"
"847","KY210274","AF1b_D1"
"848","KY210275","AF1b_D1"
"849","KY210276","AF1b_G1"
"850","KY210277","AF1b_D1"
"851","KY210278","AF1b_C1.1.1"
"852","KY210279","AF1b_D1"
"853","KY210280","AF1b_D1"
"854","KY210281","AF1b_D1"
"855","KY210282","AF1b_D1"
"856","KY210283","AF1b_D1"
"857","KY210284","AF1b_D1"
"858","KY210285","AF1b_D1"
"859","KY210286","AF1b_C1.1.1"
"860","KY210287","AF1b_C1.1.1"
"861","KY210288","AF1b_C1.1.1"
"862","KY210289","AF1b_F1"
"863","KY210290","AF1b_F1"
"864","KY210291","AF1b_F1"
"865","KY210292","AF1b_F1"
"866","KY210293","AF1b_F1"
"867","KY210294","AF1b_D1"
"868","KY210295","AF1b_C1.1.1"
"869","KY210296","AF1b_C1.1.1"
"870","KY210297","AF1b_G1"
"871","KY210298","AF1b_G1"
"872","KY210299","AF1b_F1"
"873","KY210300","AF1b_F1"
"874","KY210301","AF1b_F1"
"875","KY210302","AF1b_F1"
"876","KY210303","AF1b_G1"
"877","KY210304","AF1b_D1"
"878","KY210305","AF1b_G1"
"879","KY210306","AF1b_D1"
"880","KY210307","AF1b_F1"
"881","KY210308","AF1b_C1.1.1"
"882","KY210309","AF1b_D1.1"
"883","KY210310","AF1b_D1"
"884","KY210311","AF1b_D1.1"
"885","KY553256","AF1b_B1.2"
"886","KY553257","AF1b_B1.2"
"887","KY553258","AF1b_B1"
"888","KY553259","AF1b_B1.2"
"889","KY553260","AF1b_B1.2.1"
"890","KY553261","AF1b_B1"
"891","KY553262","AF1b_B1.2.1"
"892","KY553263","AF1b_B1.2.1"
"893","KY553264","AF1b_B1.2"
"894","KY553265","AF1b_B1"
"895","KY553267","AF1b_B1.1"
"896","KY553268","AF1b_B1"
"897","KY553269","AF1b_B1.1"
"898","KY553270","AF1b_B1"
"899","KY553271","AF1b_B1.1"
"900","KY553272","AF1b_B1"
"901","KY563717","AF1b_B1.1"
"902","KY563718","AF1b_B1"
"903","LC029889","AF1b_C1.1"
"904","LC029890","AF1b_A1.1"
"905","LC029893","AF1b_C1.1"
"906","LC029897","AF1b_C1.1"
"907","LT909528","AF1b_D1"
"908","LT909534","AF1b_D1"
"909","LT909536","AF1b_C1.1.1"
"910","MG458318","AF1b_B1.1"
"911","MN726802","AF1b_C1.1.1"
"912","MN726803","AF1b_C1.1.1"
"913","MN726804","AF1b_E1.1"
"914","MN726806","AF1b_C1.1.1"
"915","MN726807","AF1b_C1.1.1"
"916","MN726808","AF1b_C1.1.1"
"917","MN726809","AF1b_C1.1.1"
"918","MN726811","AF1b_C1.1.1"
"919","MN726813","AF1b_C1.1.1"
"920","MN726814","AF1b_D1"
"921","MN726815","AF1b_C1.1.1"
"922","MN726816","AF1b_D1"
"923","MN726817","AF1b_C1.1.1"
"924","MN726818","AF1b_C1.1.1"
"925","MN726820","AF1b_C1.1.1"
"926","MN726821","AF1b_D1"
"927","MN726822","AF1b_C1.1.1"
"928","MN726823","AF1b_C1.1.1"
"929","MN726824","AF1b_E1.1"
"930","MN726825","AF1b_C1.1.1"
"931","MN726826","AF1b_E1.1"
"932","MN726827","AF1b_E1.1"
"933","MN726828","AF1b_C1.1.1"
"934","MN726829","AF1b_D1"
"935","MN726831","AF1b_D1"
"936","MN726832","AF1b_C1.1.1"
"937","MN726833","AF1b_D1"
"938","MN726834","AF1b_C1.1.1"
"939","MN726835","AF1b_C1.1.1"
"940","MT454631","AF1b_H1"
"941","MT454632","AF1b_B1"
"942","MT454633","AF1b_B1"
"943","MT454634","AF1b_H1"
"944","MT454635","AF1b_H1"
"945","MT454636","AF1b_H1"
"946","MT454637","AF1b_H1"
"947","MT454638","AF1b_B1"
"948","MT454639","AF1b_H1"
"949","MT454640","AF1b_B1"
"950","MT454641","AF1b_H1"
"951","MT454642","AF1b_B1"
"952","MT454643","AF1b_B1.2.1"
"953","MT454644","AF1b_B1.1"
"954","MT454645","AF1b_B1.2.1"
"955","MT454646","AF1b_B1.2.1"
"956","MT454647","AF1b_B1.2.1"
"957","MT454648","AF1b_H1"
"958","MT454649","AF1b_B1.2.1"
"959","MT454650","AF1b_B1.2.1"
"960","MT454651","AF1b_B1.2.1"
"961","MT454652","AF1b_H1"
"962","MT454653","AF1b_H1"
"963","MT454654","AF1b_H1"
"964","U22484","AF1b_B1.1.1"
"965","U22488","AF1b_A1"
"966","U22632","AF1b_B1"
"967","U22633","AF1b_B1.1"
"968","U22638","AF1b_A1.1.1"
"969","U22645","AF1b_D1"
"970","U22647","AF1b_D1"
"971","U22648","AF1b_D1"
"972","U22649","AF1b_B1.2.1"
"973","U22650","AF1b_A1.1"
"974","U22651","AF1b_A1.1"
"975","DQ420623","A1.1.1"
"976","KX148209","A1.1.1"
"977","KX148210","A1.1.1"
"978","KX148211","A1.1.1"
"979","DQ837431","AF4_A1"
"980","DQ837461","AF4_A1"
"981","DQ837462","AF4_A1"
"982","DQ837463","AF4_A1"
"983","KF154998","AF4_A1"
"984","KX148101","AF4_A1"
"985","MG458315","AF4_A1"
"986","MG458316","AF4_A1"
"987","MG458317","AF4_A1"
"988","MK760768","AF4_A1"
"989","MK760769","AF4_A1"
"990","MK760770","AF4_A1"
"991","U22627","AF4_A1"
"992","AB645847","AM1_A1"
"993","AF344304","AM1_A1.1.1"
"994","AF344306","AM1_A1.1.1"
"995","AF461045","AM1_A1"
"996","GU991842","AM1_A1"
"997","GU991843","AM1_A1.1"
"998","JQ513554","AM1_A1.1.1"
"999","JQ513555","AM1_A1.1.1"
"1000","JQ513556","AM1_A1.1.1"
"1001","JQ513557","AM1_A1.1.1"
"1002","JQ513558","AM1_A1.1.1"
"1003","JQ513559","AM1_A1.1.1"
"1004","JQ513560","AM1_A1.1.1"
"1005","JQ685944","AM1_A1"
"1006","JQ685967","AM1_A1.1"
"1007","JX855994","B1"
"1008","JX855996","AM1_A1.1.1"
"1009","JX855997","AM1_A1.1.1"
"1010","JX855998","AM1_A1.1.1"
"1011","JX856027","AM1_A1.1.1"
"1012","JX856028","AM1_A1.1.1"
"1013","JX856029","AM1_A1.1.1"
"1014","JX856030","AM1_A1.1.1"
"1015","JX856031","AM1_A1.1.1"
"1016","KX148213","AM1_A1.1"
"1017","AY854504","AM2a_B1"
"1018","AY854505","AM2a_B1"
"1019","AY854506","AM2a_B1"
"1020","AY854507","AM2a_B1"
"1021","AY854515","AM2a_B1"
"1022","AY854520","AM2a_B1"
"1023","AY854524","AM2a_B1"
"1024","AY854525","AM2a_B1"
"1025","AY854527","AM2a_B1"
"1026","AY854529","AM2a_B1"
"1027","AY854530","AM2a_B1"
"1028","AY854531","AM2a_B1"
"1029","AY854534","AM2a_B1"
"1030","AY854536","AM2a_A1.1.1"
"1031","AY854544","AM2a_A1.1.1"
"1032","AY854545","AM2a_A1.1.1"
"1033","AY854546","AM2a_A1.1.1"
"1034","AY854547","AM2a_A1.1.1"
"1035","AY854548","AM2a_A1.1.1"
"1036","AY854550","AM2a_A1.1"
"1037","AY854552","AM2a_A1.1"
"1038","AY854554","AM2a_A1.1"
"1039","AY854558","AM2a_A1.1"
"1040","AY854559","AM2a_A1"
"1041","AY854560","AM2a_A1.2"
"1042","AY854561","AM2a_A1.2"
"1043","AY854562","AM2a_A1.2"
"1044","AY854564","AM2a_A1.2"
"1045","AY854567","AM2a_A1.2"
"1046","AY854569","AM2a_A1.2"
"1047","AY854573","AM2a_A1.2"
"1048","AY854574","AM2a_A1.2"
"1049","AY854575","AM2a_A1.2"
"1050","AY854576","AM2a_A1.2"
"1051","AY854578","AM2a_A1.2"
"1052","AY854589",NA
"1053","AY854591","F1.1"
"1054","EU086161","AM2a_A1"
"1055","FJ228502","F1.2"
"1056","FJ228503","F1.2"
"1057","FJ228504","F1.2"
"1058","FJ228505","F1.2"
"1059","FJ228506","F1.2"
"1060","FJ228507","F1.2"
"1061","FJ228508","F1.2"
"1062","FJ228509","F1.2"
"1063","FJ228510","F1.2"
"1064","FJ228511","F1.2"
"1065","FJ228512","F1.1"
"1066","FJ228513","F1.1"
"1067","FJ228514","F1"
"1068","FJ228515","F1"
"1069","FJ228516","F1"
"1070","FJ228517",NA
"1071","FJ228518",NA
"1072","FJ228519",NA
"1073","FJ228520",NA
"1074","FJ228521",NA
"1075","FJ228522",NA
"1076","FJ228523","AM2a_A1"
"1077","FJ228524","AM2a_A1"
"1078","FJ228525","AM2a_A1"
"1079","FJ228526",NA
"1080","FJ228527",NA
"1081","FJ228528",NA
"1082","FJ228529",NA
"1083","FJ228530",NA
"1084","FJ228531",NA
"1085","FJ228532",NA
"1086","FJ228533",NA
"1087","GU991847","F1"
"1088","HQ450386",NA
"1089","JF693449","AM2a_A1"
"1090","JF693450","AM2a_A1"
"1091","JF693451","AM2a_A1"
"1092","JF693452","AM2a_A1"
"1093","JF693453","AM2a_A1"
"1094","JF693454","AM2a_A1"
"1095","JF693455","AM2a_A1"
"1096","KJ001488","F1.1"
"1097","KJ001489","F1.1"
"1098","KJ001490","F1.1"
"1099","KJ001491","F1.1"
"1100","KJ001492","F1.1"
"1101","KJ001494","F1.1"
"1102","KJ001496","F1.2"
"1103","KJ001497","F1.1"
"1104","KJ001498","F1.1"
"1105","KJ001499","F1.1"
"1106","KJ001500","F1.1"
"1107","KJ001502","F1.1"
"1108","KJ001503","F1.1"
"1109","KJ001504","F1.1"
"1110","KJ001505","F1.1"
"1111","KJ001506","F1.2"
"1112","KJ001508","F1.2"
"1113","KJ001509","AM2a_A1"
"1114","KJ001510","F1"
"1115","KJ001512","F1.1"
"1116","KJ001513","F1.1"
"1117","KJ001515","F1.1"
"1118","KJ001516","F1.1"
"1119","KJ001517","F1.1"
"1120","KJ001518","F1.1"
"1121","KJ001523","F1.1"
"1122","KJ001524","F1.2"
"1123","KJ001525","F1.1"
"1124","KJ001534","F1.1"
"1125","KJ001535","F1.1"
"1126","KJ001536","F1.1"
"1127","KT006769","AM2a_A1"
"1128","KU550103",NA
"1129","KU963491",NA
"1130","KU963494",NA
"1131","KU963495",NA
"1132","KX148102","F1.2"
"1133","KX148110","F1.2"
"1134","KX148111","F1.2"
"1135","KX148112",NA
"1136","KX708502",NA
"1137","KX708503","AM2a_A1"
"1138","KX708504","AM2a_A1"
"1139","LT909544","F1"
"1140","U22477","F1.2"
"1141","U22841",NA
"1142","AY854590","B1.1.2"
"1143","FJ228540","B1.1.2"
"1144","FJ228541","B1.1.2"
"1145","FJ228542","B1.1.2"
"1146","JQ685899","B1.1.2"
"1147","JQ685943","B1.1.2"
"1148","KU963496","B1.1.2"
"1149","AB083792","AM3a_B1"
"1150","AB083793","AM3a_B1"
"1151","AB083794","AM3a_B1"
"1152","AB083795","AM3a_B1"
"1153","AB083796","AM3a_A1.2.1"
"1154","AB083797","AM3a_A1.2.1"
"1155","AB083798","AM3a_B1.1"
"1156","AB083799","AM3a_B1.1"
"1157","AB083800","AM3a_B1.1"
"1158","AB083801","AM3a_B1.1.1"
"1159","AB083802","AM3a_B1.1"
"1160","AB263292","AM3a_B1"
"1161","AB263293","AM3a_B1"
"1162","AB263294","AM3a_B1.1"
"1163","AB263295","AM3a_B1.1"
"1164","AB263296","AM3a_B1.1"
"1165","AB263297","AM3a_A1.2.1"
"1166","AB263298","AM3a_A1.2.1"
"1167","AB263299","AM3a_A1.2.1"
"1168","AB263300","AM3a_B1.1"
"1169","AB263301","AM3a_B1.1"
"1170","AB263302","AM3a_B1.1"
"1171","AB263303","AM3a_B1.1.1"
"1172","AB263304","AM3a_B1.1.1"
"1173","AB263305","AM3a_B1.1.1"
"1174","AB263306","AM3a_B1.1"
"1175","AB263307","AM3a_B1.1"
"1176","AB263308","AM3a_B1.1.1"
"1177","AB263309","AM3a_A1.2"
"1178","AB263310","AM3a_B1.1.1"
"1179","AB263311","AM3a_B1.1.1"
"1180","AB263312","AM3a_B1.1.1"
"1181","AB263313","AM3a_B1.1"
"1182","AB263314","AM3a_B1.1.1"
"1183","AB263315","AM3a_B1.1"
"1184","AB263316","AM3a_B1.1.1"
"1185","AB263317","AM3a_B1"
"1186","AB263318","AM3a_B1.1"
"1187","AB263319","AM3a_B1.1"
"1188","AB263320","AM3a_B1.1"
"1189","AB263321","AM3a_B1.1"
"1190","AB263322","AM3a_B1.1"
"1191","AB263323","AM3a_B1.1"
"1192","AB263324","AM3a_A1"
"1193","AB263326","AM3a_A1.1.1"
"1194","AB263328","AM3a_A1.1.2"
"1195","AB263330","AM3a_D1"
"1196","AB263332","AM3a_D1"
"1197","AB263334","AM3a_A1.4"
"1198","AB263341","AM3a_A1.1.2"
"1199","AB263342","AM3a_A1.1.2"
"1200","AB517659","AM3a_D1"
"1201","EF152237","AM3a_A1.4"
"1202","EF152238","AM3a_A1.4"
"1203","EF152239","AM3a_A1.4"
"1204","EF152240","AM3a_A1.4"
"1205","EF152249","AM3a_A1"
"1206","EF152260","AM3a_D1"
"1207","EF152261","AM3a_D1"
"1208","EF152262","AM3a_D1"
"1209","EF152263","AM3a_D1"
"1210","EF152264","AM3a_A1.4"
"1211","EF152265","AM3a_A1.4"
"1212","EF152266","AM3a_A1.4"
"1213","EF152268","AM3a_A1.4"
"1214","EF152269","AM3a_A1.4"
"1215","EF152275","AM3a_A1"
"1216","EF152276","AM3a_A1.1"
"1217","EF152277","AM3a_A1.1"
"1218","EF152278","AM3a_A1.1"
"1219","EF152279","AM3a_A1.1"
"1220","EF152280","AM3a_A1.4"
"1221","EF194163","AM3a_A1.4"
"1222","EF194166","AM3a_A1.1"
"1223","EF194167","AM3a_A1.1"
"1224","EF363731","AM3a_A1.1.1"
"1225","KC737850","AM3a_A1.3"
"1226","KR781522","AM3a_D1"
"1227","KR781524","AM3a_D1"
"1228","KR781525","AM3a_D1"
"1229","KR781527","AM3a_A1.4"
"1230","KR781528","AM3a_A1.4"
"1231","KR781529","AM3a_A1.4"
"1232","KR781530","AM3a_A1.4"
"1233","KR781531","AM3a_A1.4"
"1234","KR781534","AM3a_A1.4"
"1235","KR781536","AM3a_A1.4"
"1236","KR781538","AM3a_C1"
"1237","KR781539","AM3a_A1.1.1"
"1238","KR781541","AM3a_C1"
"1239","KR781542","AM3a_C1"
"1240","KR781543","AM3a_A1.1.1"
"1241","KR781544","AM3a_A1.1"
"1242","KR781545","AM3a_C1"
"1243","KR781546","AM3a_C1"
"1244","KR781547","AM3a_C1"
"1245","KR781548","AM3a_C1"
"1246","KR781549","AM3a_C1"
"1247","KR781550","AM3a_C1"
"1248","KR781551","AM3a_C1"
"1249","KR781552","AM3a_C1"
"1250","KR781553","AM3a_C1"
"1251","KR781554","AM3a_A1.4"
"1252","KR781559","AM3a_A1.3"
"1253","KR781560","AM3a_A1.3"
"1254","KR781561","AM3a_A1.3"
"1255","KR781562","AM3a_A1.3"
"1256","KR781563","AM3a_A1.3"
"1257","KR781564","AM3a_A1.3"
"1258","KR781565","AM3a_A1.3"
"1259","KR781566","AM3a_C1"
"1260","KR781567","AM3a_A1.1"
"1261","KR781568","AM3a_A1.1"
"1262","KR781569","AM3a_A1.3"
"1263","KR781602","AM3a_A1.4"
"1264","KR781604","AM3a_A1.4"
"1265","KU938904","AM3a_A1.3"
"1266","KX148214","AM3a_A1.2"
"1267","KX148215","AM3a_A1.2"
"1268","KX148216","AM3a_A1"
"1269","AB206407","G1.2"
"1270","AB206408","G1.2"
"1271","AB206409","AM3b_A1.1.1"
"1272","AB206410","AM3b_A1.1.1"
"1273","AB206412","G1.2"
"1274","AB206413","G1.2"
"1275","AB207884","G1.2"
"1276","AB263327","NA.4"
"1277","AB263329","NA.4"
"1278","AB263331","NA.4"
"1279","AB263335","NA.4"
"1280","AB263336",NA
"1281","AB263337","NA.4"
"1282","AB263338","B1.1.1"
"1283","AB263339","NA.4"
"1284","AB263340","NA.4"
"1285","AB263343","NA.4"
"1286","AB263344",NA
"1287","AB263345","NA.4"
"1288","AB362483","G1.2"
"1289","AB517660","AM3b_A1.1.1"
"1290","EF152231","AM3b_A1.1"
"1291","EF152232","AM3b_A1"
"1292","EF152233","AM3b_A1.1.1"
"1293","EF152235","G1"
"1294","EF152236","H1.1"
"1295","EF152241","H1.1"
"1296","EF152242","H1.1"
"1297","EF152243","H1.1"
"1298","EF152244","H1.1"
"1299","EF152245","AM3b_A1.1"
"1300","EF152246","H1.1"
"1301","EF152247","H1.1"
"1302","EF152248","AM3b_A1.1.1"
"1303","EF152250","AM3b_A1.1.1"
"1304","EF152251","AM3b_A1.1.1"
"1305","EF152252","G1"
"1306","EF152253","G1"
"1307","EF152254","G1.2"
"1308","EF152255","AM3b_A1.1.1"
"1309","EF152256","G1"
"1310","EF152258","AM3b_A1.1.1"
"1311","EF152259","AM3b_A1.1"
"1312","EF152270","H1.1"
"1313","EF152272","AM3b_A1"
"1314","EF152273","AM3b_A1"
"1315","EF152274","AM3b_A1"
"1316","EF194159","H1.1"
"1317","EF194160","AM3b_A1"
"1318","EF194162","G1"
"1319","EF194164","H1.1"
"1320","EF194165","H1.1"
"1321","KM594039","G1.2"
"1322","KR781533","G1.2"
"1323","KR781540","NA.4"
"1324","KR781556","H1"
"1325","KR781557","H1"
"1326","KR781558","G1.2"
"1327","KR781571","H1.1"
"1328","KR781572","G1.2"
"1329","KR781573","AM3b_A1.1"
"1330","KR781575","AM3b_A1.1.1"
"1331","KR781577","AM3b_A1.1"
"1332","KR781579","AM3b_A1.1"
"1333","KR781580","G1.2"
"1334","KR781583","G1.2"
"1335","KR781585","AM3b_A1.1.1"
"1336","KR781589","G1.2"
"1337","KR781591","AM3b_A1"
"1338","KR781592","AM3b_A1"
"1339","KR781596","H1"
"1340","KR781598","G1.2"
"1341","KR781600","G1"
"1342","KR781603","G1.2"
"1343","KR781605","G1.2"
"1344","KX148217","B1.1.1"
"1345","JQ513539","AM4_A1.1"
"1346","JQ513540","AM4_A1.1"
"1347","JQ513541","AM4_A1.1"
"1348","JQ513542","AM4_A1.1"
"1349","JQ513543","AM4_A1.1"
"1350","JQ513544","AM4_A1.1"
"1351","JQ513545","AM4_A1.1"
"1352","JQ513546","AM4_A1.1"
"1353","JQ513547","AM4_A1"
"1354","JQ513548","AM4_A1"
"1355","JQ513549","AM4_A1.1"
"1356","JQ513550","AM4_A1.1"
"1357","JQ513551","AM4_A1"
"1358","JQ513552","AM4_A1"
"1359","JQ685894","AM4_A1.1"
"1360","JQ685970","AM4_A1"
"1361","KU963497","AM4_A1.1"
"1362","AB570995","CA1_A1.1.1"
"1363","AB570996","CA1_A1.1.1"
"1364","AB570997","CA1_A1.2.1"
"1365","AB570998","CA1_C1.1"
"1366","AB570999","CA1_A1.1.1"
"1367","AB571000","CA1_A1.1.1"
"1368","AB571001","CA1_C1.1"
"1369","AB571002","CA1_C1"
"1370","AB571003","CA1_C1.1"
"1371","AB571005","CA1_A1.1.1"
"1372","AB571006","CA1_A1.1.1"
"1373","AB571007","CA1_A1.1.1"
"1374","AB571008","CA1_C1.1"
"1375","AB571009","CA1_C1.1"
"1376","AB571010","CA1_C1.1"
"1377","AB571011","CA1_C1"
"1378","AB571012","CA1_C1"
"1379","AB571013","CA1_C1.1"
"1380","AB571014","CA1_C1.1"
"1381","AB571015","CA1_A1.1.1"
"1382","AB571016","CA1_A1.1.1"
"1383","AB571017","CA1_A1.1.1"
"1384","AB571018","CA1_A1.1.1"
"1385","AY352455","CA1_A1.2"
"1386","AY352456","C1.1"
"1387","AY352461","C1.1.1"
"1388","AY352463","NA.5"
"1389","AY352464","CA1_A1.2.1"
"1390","AY352465","CA1_A1"
"1391","AY352466","CA1_A1"
"1392","AY352467","CA1_A1.2.1"
"1393","AY352468","CA1_A1.2.1"
"1394","AY352469","CA1_A1.2.1"
"1395","AY352470","CA1_A1.2.1"
"1396","AY352471","CA1_A1.2.1"
"1397","AY352472",NA
"1398","AY352473",NA
"1399","AY352477","C1.1.2"
"1400","AY352478","C1.1.2"
"1401","AY352481","CA1_A1.1"
"1402","AY352482","CA1_A1"
"1403","AY352483","CA1_A1"
"1404","AY352484","C1.1.1"
"1405","AY352485","C1.1.1"
"1406","AY352489","CA1_A1.2"
"1407","AY352490","CA1_A1.2"
"1408","AY352491","CA1_A1"
"1409","AY352492","CA1_A1.2.1"
"1410","AY854586",NA
"1411","EF614254","CA1_C1"
"1412","EF614255","CA1_A1.1.1"
"1413","EF614256","CA1_C1"
"1414","EF614257","CA1_C1.1"
"1415","JQ944705","C1.1.1"
"1416","JX423808","CA1_D1"
"1417","JX423809","CA1_D1"
"1418","JX423810","CA1_D1"
"1419","JX423811","CA1_D1"
"1420","JX423812","CA1_D1"
"1421","JX423813","CA1_D1"
"1422","JX423814","CA1_D1"
"1423","JX423815","CA1_D1"
"1424","JX423816","CA1_D1"
"1425","JX423817","CA1_D1"
"1426","JX423818","CA1_D1"
"1427","JX423819","CA1_A1.1"
"1428","JX987744",NA
"1429","KC252633","CA1_B1"
"1430","KC465377","CA1_B1"
"1431","KC595280",NA
"1432","KC595281",NA
"1433","KC595282",NA
"1434","KC595283",NA
"1435","KJ152772","CA1_B1.2"
"1436","KJ152773","NA.5"
"1437","KJ152774","CA1_B1.2"
"1438","KJ737435","CA1_B1.2"
"1439","KJ748631","CA1_C1"
"1440","KJ748632","CA1_B1.2"
"1441","KJ748633","CA1_B1.2"
"1442","KJ748634","CA1_B1.2"
"1443","KJ748635","CA1_B1.2"
"1444","KJ748636","CA1_B1.2"
"1445","KM016899","CA1_C1"
"1446","KM016901","CA1_C1"
"1447","KP997032",NA
"1448","KT728348",NA
"1449","KT728349",NA
"1450","KT894582","CA1_B1.2"
"1451","KT965734","CA1_A1.2.1"
"1452","KT965735","NA.5"
"1453","KU041695","NA.5"
"1454","KU041696","NA.5"
"1455","KX148159",NA
"1456","KX533959","CA1_B1.2"
"1457","KX533960","CA1_C1"
"1458","KX533961","CA1_C1"
"1459","KX533962","CA1_B1.2"
"1460","KX533963","CA1_B1.2"
"1461","KY002895","NA.5"
"1462","KY002896","CA1_A1.2.1"
"1463","KY002897","CA1_A1"
"1464","KY002898","NA.5"
"1465","KY002901","CA1_A1"
"1466","KY002902","CA1_A1.2.1"
"1467","KY242672","CA1_A1.1"
"1468","KY242673","CA1_A1.1"
"1469","KY242674","CA1_A1.1"
"1470","KY242675","CA1_A1.1"
"1471","KY242676","CA1_B1.2"
"1472","KY242677","CA1_B1.2"
"1473","KY243236","CA1_B1.2"
"1474","KY243237","CA1_B1"
"1475","KY649620","CA1_B1.2"
"1476","LC422729","CA1_B1.3"
"1477","LC422730","CA1_B1.3"
"1478","LC422731","CA1_B1.3"
"1479","LC422732","CA1_B1.3"
"1480","LC422733","CA1_C1"
"1481","LC422734","CA1_A1.1"
"1482","LC422735","CA1_C1"
"1483","LC422736","CA1_B1.3"
"1484","LC422737","CA1_B1.3"
"1485","LC422738","CA1_C1.1"
"1486","LC422739","CA1_A1.1"
"1487","LC422740","CA1_B1.3"
"1488","LC422741","CA1_C1.1"
"1489","LC422742","CA1_C1.1"
"1490","MF172976","CA1_B1.2"
"1491","MF197741",NA
"1492","MF572301",NA
"1493","MF572302",NA
"1494","MF572303",NA
"1495","MF572310",NA
"1496","MF572311",NA
"1497","MF572312",NA
"1498","MF572313",NA
"1499","MF572314",NA
"1500","MF574182",NA
"1501","MF574184","C1.1.1"
"1502","MF574185",NA
"1503","MF574191",NA
"1504","MF574194",NA
"1505","MF574201",NA
"1506","MG383882","CA1_C1"
"1507","MG383886","CA1_B1.2"
"1508","MG996454",NA
"1509","MG996455",NA
"1510","MG996456",NA
"1511","MG996457",NA
"1512","MG996458",NA
"1513","MG996459",NA
"1514","MG996464",NA
"1515","MG996465",NA
"1516","MG996466",NA
"1517","MH267792","CA1_B1.2"
"1518","MK124735","CA1_B1.2"
"1519","MK124737","CA1_C1.1"
"1520","MK124738","NA.5"
"1521","MK124739","CA1_B1"
"1522","MK124740","CA1_C1"
"1523","MK124741","CA1_C1"
"1524","MK124744","NA.5"
"1525","MK124745","NA.5"
"1526","MK321229","NA.5"
"1527","MK321230","CA1_C1"
"1528","MK511220","CA1_B1.1"
"1529","MK511221","CA1_B1.1"
"1530","MK511222","CA1_B1.1.1"
"1531","MK511223","CA1_B1.1.1"
"1532","MK511224","CA1_B1.1.1"
"1533","MK511225","CA1_B1.1.1"
"1534","MK511226","CA1_B1.1.1"
"1535","MK511227","CA1_B1.1.1"
"1536","MK511228","CA1_B1.1.1"
"1537","MK511229","CA1_B1.3"
"1538","MK511230","CA1_B1.1.1"
"1539","MK511231","CA1_B1.1"
"1540","MK511232","CA1_B1.3"
"1541","MK511233","CA1_B1.3"
"1542","MK511234","CA1_B1.1.1"
"1543","MK532758","CA1_B1.1.1"
"1544","MK760700",NA
"1545","MK760706",NA
"1546","MK760707",NA
"1547","MK760712",NA
"1548","MK760723",NA
"1549","MK760731",NA
"1550","MK760734",NA
"1551","MK760744",NA
"1552","MK760753",NA
"1553","MK760755",NA
"1554","MN642578","CA1_B1.2"
"1555","MN642579","CA1_B1.2"
"1556","MN642580","CA1_C1"
"1557","AY352497","CA2_A1.1"
"1558","AY854581","CA2_A1"
"1559","AY854583","CA2_A1"
"1560","DQ837474","CA2_A1"
"1561","JQ944706","CA2_A1.1"
"1562","JX987746","CA2_A1"
"1563","KF155000","CA2_A1"
"1564","KX148212","CA2_A1"
"1565","KY002888","CA2_B1.1"
"1566","KY002889","CA2_B1.1"
"1567","KY860610","CA2_A1.1.1"
"1568","LQ774355","CA2_A1"
"1569","MD233750","CA2_A1"
"1570","MK760675","CA2_A1.2"
"1571","MK760676","CA2_A1.2"
"1572","MK760679","CA2_A1.2"
"1573","MK760682","CA2_A1.2"
"1574","MK760684","CA2_A1.2"
"1575","MK760690","CA2_A1.2"
"1576","MK760747","CA2_A1.2"
"1577","MK760756","CA2_A1.2"
"1578","MK760757","CA2_A1.2"
"1579","MK760760","CA2_A1.2"
"1580","MK760766","CA2_A1"
"1581","MT079888","CA2_C1"
"1582","MT079889","CA2_B1"
"1583","MT079890","CA2_C1"
"1584","MT079891","CA2_B1.2"
"1585","MT079892","CA2_C1"
"1586","MT079893","CA2_B1"
"1587","MT079894","CA2_B1.1.1"
"1588","MT079895","CA2_B1.2"
"1589","MT079896","CA2_C1"
"1590","MT079897","CA2_B1.1.1"
"1591","MT079898","CA2_C1"
"1592","MT079899","CA2_A1.1"
"1593","MT079900","CA2_A1.1"
"1594","MT079901","CA2_A1.1.1"
"1595","MT079902","CA2_C1"
"1596","MT079903","CA2_A1.1.1"
"1597","MT079904","CA2_B1.2"
"1598","MT079905","CA2_C1"
"1599","MT079906","CA2_A1.1"
"1600","MT079907","CA2_C1"
"1601","MT079909","CA2_C1"
"1602","MT079910","CA2_B1"
"1603","MT079911","CA2_B1.2"
"1604","MT079912","CA2_B1"
"1605","MT079913","CA2_B1"
"1606","MT079914","CA2_B1.2"
"1607","MT079915","CA2_B1.1.1"
"1608","MT079916","CA2_B1.2"
"1609","MT079917","CA2_A1.1.1"
"1610","MT079919","CA2_A1.1.1"
"1611","MT079920","CA2_B1.2"
"1612","MT079921","CA2_B1.2"
"1613","MT079922","CA2_B1.2"
"1614","MT079923","CA2_A1.1.1"
"1615","MT079924","CA2_A1.1.1"
"1616","MT079925","CA2_B1.2"
"1617","MT079926","CA2_A1.1"
"1618","MT079927","CA2_B1.1.1"
"1619","MT079928","CA2_C1"
"1620","MT079929","CA2_B1.2"
"1621","MT079930","CA2_A1.1.1"
"1622","MT079931","CA2_B1.2"
"1623","MT079932","CA2_B1.1.1"
"1624","MT079933","CA2_B1.2"
"1625","MT079934","CA2_B1.2"
"1626","MT079936","CA2_B1.2"
"1627","MT079937","CA2_B1.2"
"1628","MT079938","CA2_B1.2"
"1629","MT079939","CA2_B1"
"1630","MT079940","CA2_A1.1"
"1631","MT079941","CA2_B1.2"
"1632","MT079942","CA2_B1.2"
"1633","MT079943","CA2_B1.2"
"1634","MT079944","CA2_B1.2"
"1635","MT079945","CA2_B1.2"
"1636","MT079946","CA2_B1.2"
"1637","MT079947","CA2_B1.2"
"1638","MT079948","CA2_B1.2"
"1639","MT079950","CA2_C1"
"1640","MT079951","CA2_A1.1"
"1641","MT079952","CA2_B1.2"
"1642","MT079953","CA2_B1.2"
"1643","MT079954","CA2_A1.1.1"
"1644","MT079955","CA2_C1"
"1645","AY352457","CA3_A1.1"
"1646","AY352476","CA3_A1.1"
"1647","AY352479","CA3_A1.1"
"1648","JQ944708","CA3_B1.1"
"1649","KX148160","CA3_A1"
"1650","KY382830","CA3_A1.1"
"1651","MF463001","CA3_B1"
"1652","MF503298","CA3_A1.1.1"
"1653","MF503299","CA3_B1"
"1654","MF572298","CA3_B1"
"1655","MF572299","CA3_A1.1.1"
"1656","MF572300","CA3_B1.1.1"
"1657","MF572304","CA3_B1.1"
"1658","MF572305","CA3_B1.1.1"
"1659","MF572306","CA3_B1.1.1"
"1660","MF572307","CA3_B1.1.1"
"1661","MF572308","CA3_A1.1.1"
"1662","MF572309","CA3_B1.1.1"
"1663","MF574183","CA3_B1.1.1"
"1664","MF574186","CA3_B1.1"
"1665","MF574187","CA3_B1.1.1"
"1666","MF574188","CA3_B1.1.1"
"1667","MF574189","CA3_B1.1"
"1668","MF574190","CA3_B1.1.1"
"1669","MF574192","CA3_B1"
"1670","MF574193","CA3_B1"
"1671","MF574195","CA3_A1.1.1"
"1672","MF574196","CA3_B1"
"1673","MF574197","CA3_B1"
"1674","MF574198","CA3_B1.1"
"1675","MF574199","CA3_B1.1.1"
"1676","MF574200","CA3_B1.1"
"1677","MG996460","CA3_B1"
"1678","MG996461","CA3_B1"
"1679","MG996462","CA3_B1"
"1680","MG996463","CA3_B1.1"
"1681","MK598338","CA3_A1"
"1682","MK598339","CA3_A1"
"1683","MK598340","C1"
"1684","MK598341","CA3_A1"
"1685","MK598342","CA3_A1"
"1686","U43025","CA3_A1"
"1687","KX148113","CE_A1"
"1688","KX148114","CE_A1"
"1689","KX148115","CE_A1"
"1690","KX148116","CE_A1"
"1691","KX148117","CE_A1"
"1692","KX148118","CE_A1"
"1693","KX148119","CE_A1"
"1694","KX148120","CE_A1"
"1695","KX148121","CE_A1"
"1696","KX148122","CE_A1"
"1697","KX148123","CE_A1"
"1698","KX148124","CE_A1"
"1699","LT909547","CE_A1"
"1700","MF197742","CE_A1"
"1701","MG458306","CE_A1"
"1702","U22475","CE_A1"
"1703","U22840","CE_A1"
"1704","U42701","CE_A1"
"1705","JF973777","EE_B1"
"1706","JF973778","EE_B1"
"1707","JF973780","EE_B1"
"1708","JF973783","EE_B1.1"
"1709","JF973785","EE_A1"
"1710","JF973786","EE_A1"
"1711","JF973787","EE_B1.1"
"1712","JF973788","EE_B1.1"
"1713","JF973789","EE_B1.1"
"1714","JF973790","EE_B1.1"
"1715","JF973791","EE_B1.1.1"
"1716","JF973793","EE_A1"
"1717","JF973794","EE_B1.1.1"
"1718","JF973795","EE_B1.1.1"
"1719","JF973796","EE_A1"
"1720","JF973797","EE_A1"
"1721","JF973798","EE_A1"
"1722","JF973799","EE_A1"
"1723","JF973800","EE_B1.1"
"1724","JF973801","EE_B1.1"
"1725","JF973802","EE_A1"
"1726","JF973803","EE_B1.1.1"
"1727","JF973804","EE_B1.1.1"
"1728","JF973805","EE_B1.1.1"
"1729","JF973806","EE_B1.1.1"
"1730","JF973807","EE_B1.1.1"
"1731","JF973808","EE_A1.1.1"
"1732","JF973809","EE_B1"
"1733","JF973810","EE_B1"
"1734","JN008438","EE_A1"
"1735","JN008440","EE_B1.1.1"
"1736","KX148136","EE_A1.1.1"
"1737","KX148137","EE_A1.1.1"
"1738","KX148138","EE_A1.1.1"
"1739","KX148139","EE_A1.1.1"
"1740","KX148140","EE_B1"
"1741","KX148141","EE_A1.1"
"1742","KX148142","EE_A1.1"
"1743","KX148143","EE_A1"
"1744","KX148144","EE_A1"
"1745","KX148145","EE_A1"
"1746","MG458311","EE_B1.1.1"
"1747","MK598343","EE_B1.1"
"1748","MK598344","EE_B1.1"
"1749","MK598345","EE_B1.1"
"1750","MK598398","EE_A1"
"1751","U42704","EE_A1"
"1752","AY854580","D1.3"
"1753","AY854582","D1.5"
"1754","AY854584","NA.1"
"1755","AY854585","D1.5"
"1756","DQ837382","D1.4"
"1757","DQ837383","ME1a_A1.2"
"1758","DQ837384","ME1a_A1.1.2"
"1759","DQ837385","ME1a_A1.1.1"
"1760","DQ837386","ME1a_A1.1.2"
"1761","DQ837387","D1.4"
"1762","DQ837388","ME1a_A1.1.2"
"1763","DQ837389","ME1a_A1.2"
"1764","DQ837390","ME1a_A1.2"
"1765","DQ837391","ME1a_B1"
"1766","DQ837396","ME1a_B1"
"1767","DQ837397","D1.4"
"1768","DQ837398","ME1a_A1.1"
"1769","DQ837399","ME1a_A1.1"
"1770","DQ837400","ME1a_A1.1"
"1771","DQ837401","ME1a_A1.1"
"1772","DQ837402","ME1a_A1.1.1"
"1773","DQ837403","ME1a_A1.1.1"
"1774","DQ837404","ME1a_A1.1.2"
"1775","DQ837405","ME1a_A1.1.1"
"1776","DQ837406","ME1a_A1.1.1"
"1777","DQ837407","ME1a_A1.1.1"
"1778","DQ837409","ME1a_B1"
"1779","DQ837410","ME1a_A1.1.1"
"1780","DQ837411","ME1a_A1"
"1781","DQ837412","D1.2.1"
"1782","DQ837413","D1.2.1"
"1783","DQ837414","ME1a_A1.1.2"
"1784","DQ837415","ME1a_A1.1.2"
"1785","DQ837416","ME1a_B1"
"1786","DQ837417","ME1a_B1"
"1787","DQ837418","ME1a_A1.1.1"
"1788","DQ837419","ME1a_A1"
"1789","DQ837420","ME1a_A1.1.2"
"1790","DQ837421","D1.2.1"
"1791","DQ837422","D1.2.1"
"1792","DQ837424","D1.2.1"
"1793","DQ837425","ME1a_A1.2"
"1794","DQ837426","ME1a_A1.2"
"1795","DQ837427","D1.2.1"
"1796","DQ837428","ME1a_B1"
"1797","DQ837429","ME1a_A1.1"
"1798","DQ837433","ME1a_A1.2"
"1799","DQ837434","D1.4"
"1800","DQ837435","D1.4"
"1801","DQ837438","ME1a_A1.2"
"1802","DQ837439","ME1a_A1.2"
"1803","DQ837440","ME1a_A1.1"
"1804","DQ837442","D1.4"
"1805","DQ837444","ME1a_A1.2"
"1806","DQ837446","ME1a_B1"
"1807","DQ837448","D1.4"
"1808","DQ837449","ME1a_B1"
"1809","DQ837450","D1.2.1"
"1810","DQ837451","ME1a_A1.1.1"
"1811","DQ837452","ME1a_A1.1.2"
"1812","DQ837456","ME1a_A1.1.2"
"1813","DQ837457","ME1a_A1.1.1"
"1814","DQ837458","ME1a_B1"
"1815","DQ837459","ME1a_A1.1.1"
"1816","DQ837460","ME1a_B1"
"1817","DQ837465","ME1a_A1.2"
"1818","DQ837466","ME1a_A1.2"
"1819","DQ837470","ME1a_A1.2"
"1820","DQ837471","ME1a_A1.2"
"1821","DQ837472","ME1a_A1.1"
"1822","DQ837473","ME1a_A1"
"1823","DQ837481","ME1a_A1.1.1"
"1824","DQ837482","ME1a_A1.1.1"
"1825","DQ837483","D1.4"
"1826","DQ837484","D1.4"
"1827","DQ837485","ME1a_A1.1"
"1828","DQ837487","ME1a_A1.1.2"
"1829","EU086163","D1.2.2"
"1830","EU086199","D1.2.2"
"1831","GU992306","D1.2.2"
"1832","JX987748",NA
"1833","KX148168","D1.2.2"
"1834","KX148169","D1.2.2"
"1835","KX148170","D1.2.2"
"1836","KX148171","D1.2.2"
"1837","KX148172","D1.2"
"1838","KX148173","D1.2.1"
"1839","KX148174","D1.2.1"
"1840","KX148175","D1.2.1"
"1841","KX148176","D1.2.1"
"1842","KX148177","D1.4"
"1843","KX148178","D1.4"
"1844","KX148179","D1.4"
"1845","KX148180","D1.4"
"1846","KX148181","ME1a_A1.1"
"1847","KX148182","ME1a_A1.1"
"1848","KX148183","ME1a_A1.1"
"1849","KX148184","ME1a_A1.2"
"1850","KX148185",NA
"1851","KX148186","D1.3"
"1852","KX148187","D1.5"
"1853","KX148188","D1.5"
"1854","KX148189","D1.5"
"1855","KX148190","D1.5"
"1856","KY860604","D1.2"
"1857","KY860605","D1.2"
"1858","KY860606","D1"
"1859","KY860611","D1"
"1860","LT909526","D1.1.1"
"1861","LT909533","D1.2.2"
"1862","LT909540","D1.2.2"
"1863","MK760667","D1.3"
"1864","MK760668","D1.3"
"1865","MK760669","D1.1.1"
"1866","MK760670","NA.1"
"1867","MK760671","NA.1"
"1868","MK760672","D1.3"
"1869","MK760673","D1.1"
"1870","MK760674","NA.1"
"1871","MK760677","NA.1"
"1872","MK760678","D1.3"
"1873","MK760680","D1.5"
"1874","MK760681","D1.1.1"
"1875","MK760683","D1.1.1"
"1876","MK760685","NA.1.1"
"1877","MK760686","D1.3"
"1878","MK760687","D1.5"
"1879","MK760688","D1.3"
"1880","MK760689","NA.1"
"1881","MK760691","D1.5"
"1882","MK760692","D1.3"
"1883","MK760693","NA.1.1"
"1884","MK760694","NA.1"
"1885","MK760695",NA
"1886","MK760696","NA.1"
"1887","MK760697","D1.1.1"
"1888","MK760698","NA.1"
"1889","MK760699","NA.1"
"1890","MK760701","NA.1"
"1891","MK760703","NA.1.1"
"1892","MK760704","NA.1"
"1893","MK760705","NA.1"
"1894","MK760708","NA.1.1"
"1895","MK760709","D1.3"
"1896","MK760710","D1.1"
"1897","MK760713","NA.1.1"
"1898","MK760715",NA
"1899","MK760716","NA.1"
"1900","MK760719","D1.5"
"1901","MK760720","NA.1"
"1902","MK760721","NA.1.1"
"1903","MK760722","NA.1"
"1904","MK760724","NA.1"
"1905","MK760725","NA.1.1"
"1906","MK760726","NA.1"
"1907","MK760727","D1.3"
"1908","MK760728","D1.3"
"1909","MK760732","NA.1.1"
"1910","MK760733","NA.1.1"
"1911","MK760736","NA.1"
"1912","MK760737","NA.1"
"1913","MK760738","NA.1"
"1914","MK760739","D1.3"
"1915","MK760740","NA.1"
"1916","MK760741","NA.1"
"1917","MK760742",NA
"1918","MK760745","NA.1"
"1919","MK760748","NA.1.1"
"1920","MK760749","NA.1.1"
"1921","MK760750","NA.1"
"1922","MK760751","D1.1.1"
"1923","MK760752","NA.1.1"
"1924","MK760754","NA.1"
"1925","MK760758","NA.1"
"1926","MK760759","D1.1.1"
"1927","MK760762","NA.1.1"
"1928","MK760763","D1.1.1"
"1929","MK760764","D1.3"
"1930","MK760765","NA.1.1"
"1931","MK760767","NA.1.1"
"1932","MN534896","D1.2.1"
"1933","MN534897","D1.2.1"
"1934","U22480","D1.2.2"
"1935","U22481","D1.2.2"
"1936","U22482","D1.5"
"1937","U22483","D1.3"
"1938","DQ837423","D1"
"1939","DQ837430","D1"
"1940","DQ837441","D1"
"1941","DQ837443","D1"
"1942","KX148191","D1"
"1943","KX148192","D1"
"1944","DQ837392","I1.1"
"1945","DQ837393","I1.1"
"1946","DQ837394","I1.1"
"1947","DQ837395","I1.1"
"1948","DQ837408","I1.1"
"1949","DQ837432","I1.1"
"1950","DQ837436","I1.1"
"1951","DQ837437","I1.1"
"1952","DQ837445","I1.1"
"1953","DQ837447","I1.1"
"1954","DQ837453","I1.1"
"1955","DQ837454","I1.1"
"1956","DQ837455","I1.1"
"1957","DQ837464","I1.1"
"1958","DQ837467","I1.1"
"1959","DQ837468","I1.1"
"1960","DQ837469","I1.1"
"1961","DQ837475",NA
"1962","DQ837476",NA
"1963","DQ837477",NA
"1964","DQ837478",NA
"1965","DQ837479",NA
"1966","DQ837480",NA
"1967","DQ837486","I1.1"
"1968","HM114240","I1.1"
"1969","HM114241","I1.1"
"1970","JQ671337","I1.1"
"1971","JQ671338","I1.1"
"1972","KX148162",NA
"1973","KX148163",NA
"1974","KX148164",NA
"1975","KX148165",NA
"1976","KX148166",NA
"1977","KX148167",NA
"1978","KY860583","ME2_A1.1"
"1979","KY860584","ME2_A1.1.1"
"1980","KY860585","ME2_A1.1"
"1981","KY860586","ME2_A1.1"
"1982","KY860587","ME2_A1.1"
"1983","KY860588","ME2_A1.1.1"
"1984","KY860589","ME2_B1"
"1985","KY860590","ME2_A1.1"
"1986","KY860591","ME2_B1"
"1987","KY860592","ME2_B1"
"1988","KY860593","ME2_B1"
"1989","KY860594","ME2_B1"
"1990","KY860595","ME2_A1.1"
"1991","KY860596","ME2_B1"
"1992","KY860597","ME2_B1"
"1993","KY860598","ME2_B1"
"1994","KY860599","ME2_B1"
"1995","KY860600","ME2_B1"
"1996","KY860601","ME2_B1"
"1997","KY860602","ME2_B1"
"1998","KY860603","ME2_A1.1"
"1999","KY860607","ME2_A1"
"2000","KY860608","ME2_A1"
"2001","KY860609",NA
"2002","KY860612","I1"
"2003","MK760711","I1"
"2004","MK760714","I1"
"2005","MK760717","I1"
"2006","MK760718","I1"
"2007","MK760730","I1"
"2008","MK760743","I1"
"2009","MK760746","I1"
"2010","AY352474","NEE_A1.2.1"
"2011","AY352475","NEE_A1.2.1"
"2012","JQ944704","NEE_A1.2.1"
"2013","KF154997","NEE_A1.2.1"
"2014","KX148146","NEE_A1.2"
"2015","KX148147","NEE_A1.2"
"2016","KX148148","NEE_A1.2.1"
"2017","KX148149","NEE_A1.2.1"
"2018","KX148150","NEE_A1.2.1"
"2019","KX148151","NEE_A1"
"2020","KX148152","NEE_A1"
"2021","KX148153","NEE_A1"
"2022","KX148154","NEE_A1"
"2023","KX148155","NEE_A1"
"2024","KX148156","NEE_A1"
"2025","KX148157","NEE_A1"
"2026","KX148158","NEE_A1"
"2027","LT909532","NEE_A1.2.1"
"2028","LT909537","NEE_A1.2.1"
"2029","LT909538","NEE_A1.2.1"
"2030","MF197743","NEE_A1.1"
"2031","MK598346","NEE_A1.1"
"2032","MK598347","NEE_A1.1"
"2033","MK598348","NEE_A1.1"
"2034","MK598349","NEE_A1.1"
"2035","MK598350","NEE_A1.1"
"2036","MK598351","NEE_A1.1.1"
"2037","MK598352","NEE_A1.1.1"
"2038","MK598353","NEE_A1.1.1"
"2039","MK598354","NEE_A1.1.1"
"2040","MK598355","NEE_A1.1.1"
"2041","MK598356","NEE_A1.1.1"
"2042","MK598357","NEE_A1.1.1"
"2043","MK598358","NEE_A1.1.1"
"2044","MK598359","NEE_A1.1.1"
"2045","MK598360","NEE_A1.1.1"
"2046","MK598361","NEE_A1.1.1"
"2047","MK598362","NEE_A1.1.1"
"2048","MK598363","NEE_A1.1.1"
"2049","MK598364","NEE_A1.1.1"
"2050","MK598365","NEE_A1.1.1"
"2051","MK598366","NEE_A1.1.1"
"2052","MK598367","NEE_A1.1.1"
"2053","MK598368","NEE_A1.1.1"
"2054","MK598369","NEE_A1.1.1"
"2055","MK598370","NEE_A1.1.1"
"2056","MK598371","NEE_A1.1.1"
"2057","MK598372","NEE_A1.1.1"
"2058","MK598373","NEE_A1.1.1"
"2059","MK598374","NEE_A1.1.1"
"2060","MK598375","NEE_A1.1.1"
"2061","MK598376","NEE_A1.1.1"
"2062","MK598377","NEE_A1.1.1"
"2063","MK598378","NEE_A1.1.1"
"2064","MK598379","NEE_A1.1.1"
"2065","MK598380","NEE_B1"
"2066","MK598381","NEE_A1.1.1"
"2067","MK598382","NEE_B1"
"2068","MK598383","NEE_B1"
"2069","MK598384","NEE_B1"
"2070","MK598385","NEE_B1"
"2071","MK598386","NEE_B1"
"2072","MK598387","NEE_B1"
"2073","MK598388","NEE_B1"
"2074","MK598389","NEE_B1"
"2075","MK598390","NEE_B1"
"2076","MK598391","NEE_B1"
"2077","MK598392","NEE_B1"
"2078","MK598393","NEE_B1"
"2079","MK598394","NEE_B1"
"2080","MK598395","NEE_B1"
"2081","MK598396","NEE_B1"
"2082","MK598397","NEE_B1"
"2083","U22476","NEE_A1.2.1"
"2084","U42707","C1"
"2085","U43432","C1"
"2086","AF033905","WE_A1"
"2087","EU293115","WE_A1.1"
"2088","FJ424484","C1.2.1"
"2089","GQ478245","C1.2.1"
"2090","GU992302","WE_A1.1"
"2091","JF973782","C1.2.1"
"2092","KX148125","WE_A1"
"2093","KX148126","WE_A1"
"2094","KX148127","WE_A1.1"
"2095","KX148128","WE_A1.1"
"2096","KX148129","C1.2.1"
"2097","KX148130","C1.2.1"
"2098","KX148131","C1.2.1"
"2099","KX148132","C1.2.1"
"2100","KX148133","C1.2.1"
"2101","KX148134","C1.2"
"2102","KX148135","C1"
"2103","LN879481","C1"
"2104","MG458310","C1.2.1"
"2105","U22474","WE_A1.1"
"2106","U42605","WE_A1.1"
"2107","U42606","WE_A1.1"
"2108","U42607","WE_A1.1"
"2109","U42700","WE_A1.1"
"2110","U42702","C1"
"2111","U42706","C1.2.1"
"2112","U43433","WE_A1.1"
"2113","U43434","WE_A1"
"2114","U43435","C1.2"
"2115","JF973781","B1"
"2116","KX148104","B1"
"2117","MG458309","B1"
"2118","U42705","B1"
"2119","JF973774",NA
"2120","JF973775",NA
"2121","JF973776",NA
"2122","JF973779",NA
"2123","JF973784",NA
"2124","KX148161",NA
"2125","U22839",NA
"2126","U42703",NA
